CustomerID,FirstName,LastName,Email
1,First1,Last1,customer1@example.com
2,First2,Last2,customer2@example.com
3,First3,Last3,customer3@example.com
4,First4,Last4,customer4@example.com
5,First5,Last5,customer5@example.com
6,First6,Last6,customer6@example.com
7,First7,Last7,customer7@example.com
8,First8,Last8,customer8@example.com
9,First9,Last9,customer9@example.com
10,First10,Last10,customer10@example.com
11,First11,Last11,customer11@example.com
12,First12,Last12,customer12@example.com
13,First13,Last13,customer13@example.com
14,First14,Last14,customer14@example.com
15,First15,Last15,customer15@example.com
16,First16,Last16,customer16@example.com
17,First17,Last17,customer17@example.com
18,First18,Last18,customer18@example.com
19,First19,Last19,customer19@example.com
20,First20,Last20,customer20@example.com
21,First21,Last21,customer21@example.com
22,First22,Last22,customer22@example.com
23,First23,Last23,customer23@example.com
24,First24,Last24,customer24@example.com
25,First25,Last25,customer25@example.com
26,First26,Last26,customer26@example.com
27,First27,Last27,customer27@example.com
28,First28,Last28,customer28@example.com
29,First29,Last29,customer29@example.com
30,First30,Last30,customer30@example.com
31,First31,Last31,customer31@example.com
32,First32,Last32,customer32@example.com
33,First33,Last33,customer33@example.com
34,First34,Last34,customer34@example.com
35,First35,Last35,customer35@example.com
36,First36,Last36,customer36@example.com
37,First37,Last37,customer37@example.com
38,First38,Last38,customer38@example.com
39,First39,Last39,customer39@example.com
40,First40,Last40,customer40@example.com
41,First41,Last41,customer41@example.com
42,First42,Last42,customer42@example.com
43,First43,Last43,customer43@example.com
44,First44,Last44,customer44@example.com
45,First45,Last45,customer45@example.com
46,First46,Last46,customer46@example.com
47,First47,Last47,customer47@example.com
48,First48,Last48,customer48@example.com
49,First49,Last49,customer49@example.com
50,First50,Last50,customer50@example.com
51,First51,Last51,customer51@example.com
52,First52,Last52,customer52@example.com
53,First53,Last53,customer53@example.com
54,First54,Last54,customer54@example.com
55,First55,Last55,customer55@example.com
56,First56,Last56,customer56@example.com
57,First57,Last57,customer57@example.com
58,First58,Last58,customer58@example.com
59,First59,Last59,customer59@example.com
60,First60,Last60,customer60@example.com
61,First61,Last61,customer61@example.com
62,First62,Last62,customer62@example.com
63,First63,Last63,customer63@example.com
64,First64,Last64,customer64@example.com
65,First65,Last65,customer65@example.com
66,First66,Last66,customer66@example.com
67,First67,Last67,customer67@example.com
68,First68,Last68,customer68@example.com
69,First69,Last69,customer69@example.com
70,First70,Last70,customer70@example.com
71,First71,Last71,customer71@example.com
72,First72,Last72,customer72@example.com
73,First73,Last73,customer73@example.com
74,First74,Last74,customer74@example.com
75,First75,Last75,customer75@example.com
76,First76,Last76,customer76@example.com
77,First77,Last77,customer77@example.com
78,First78,Last78,customer78@example.com
79,First79,Last79,customer79@example.com
80,First80,Last80,customer80@example.com
81,First81,Last81,customer81@example.com
82,First82,Last82,customer82@example.com
83,First83,Last83,customer83@example.com
84,First84,Last84,customer84@example.com
85,First85,Last85,customer85@example.com
86,First86,Last86,customer86@example.com
87,First87,Last87,customer87@example.com
88,First88,Last88,customer88@example.com
89,First89,Last89,customer89@example.com
90,First90,Last90,customer90@example.com
91,First91,Last91,customer91@example.com
92,First92,Last92,customer92@example.com
93,First93,Last93,customer93@example.com
94,First94,Last94,customer94@example.com
95,First95,Last95,customer95@example.com
96,First96,Last96,customer96@example.com
97,First97,Last97,customer97@example.com
98,First98,Last98,customer98@example.com
99,First99,Last99,customer99@example.com
100,First100,Last100,customer100@example.com
101,First101,Last101,customer101@example.com
102,First102,Last102,customer102@example.com
103,First103,Last103,customer103@example.com
104,First104,Last104,customer104@example.com
105,First105,Last105,customer105@example.com
106,First106,Last106,customer106@example.com
107,First107,Last107,customer107@example.com
108,First108,Last108,customer108@example.com
109,First109,Last109,customer109@example.com
110,First110,Last110,customer110@example.com
111,First111,Last111,customer111@example.com
112,First112,Last112,customer112@example.com
113,First113,Last113,customer113@example.com
114,First114,Last114,customer114@example.com
115,First115,Last115,customer115@example.com
116,First116,Last116,customer116@example.com
117,First117,Last117,customer117@example.com
118,First118,Last118,customer118@example.com
119,First119,Last119,customer119@example.com
120,First120,Last120,customer120@example.com
121,First121,Last121,customer121@example.com
122,First122,Last122,customer122@example.com
123,First123,Last123,customer123@example.com
124,First124,Last124,customer124@example.com
125,First125,Last125,customer125@example.com
126,First126,Last126,customer126@example.com
127,First127,Last127,customer127@example.com
128,First128,Last128,customer128@example.com
129,First129,Last129,customer129@example.com
130,First130,Last130,customer130@example.com
131,First131,Last131,customer131@example.com
132,First132,Last132,customer132@example.com
133,First133,Last133,customer133@example.com
134,First134,Last134,customer134@example.com
135,First135,Last135,customer135@example.com
136,First136,Last136,customer136@example.com
137,First137,Last137,customer137@example.com
138,First138,Last138,customer138@example.com
139,First139,Last139,customer139@example.com
140,First140,Last140,customer140@example.com
141,First141,Last141,customer141@example.com
142,First142,Last142,customer142@example.com
143,First143,Last143,customer143@example.com
144,First144,Last144,customer144@example.com
145,First145,Last145,customer145@example.com
146,First146,Last146,customer146@example.com
147,First147,Last147,customer147@example.com
148,First148,Last148,customer148@example.com
149,First149,Last149,customer149@example.com
150,First150,Last150,customer150@example.com
151,First151,Last151,customer151@example.com
152,First152,Last152,customer152@example.com
153,First153,Last153,customer153@example.com
154,First154,Last154,customer154@example.com
155,First155,Last155,customer155@example.com
156,First156,Last156,customer156@example.com
157,First157,Last157,customer157@example.com
158,First158,Last158,customer158@example.com
159,First159,Last159,customer159@example.com
160,First160,Last160,customer160@example.com
161,First161,Last161,customer161@example.com
162,First162,Last162,customer162@example.com
163,First163,Last163,customer163@example.com
164,First164,Last164,customer164@example.com
165,First165,Last165,customer165@example.com
166,First166,Last166,customer166@example.com
167,First167,Last167,customer167@example.com
168,First168,Last168,customer168@example.com
169,First169,Last169,customer169@example.com
170,First170,Last170,customer170@example.com
171,First171,Last171,customer171@example.com
172,First172,Last172,customer172@example.com
173,First173,Last173,customer173@example.com
174,First174,Last174,customer174@example.com
175,First175,Last175,customer175@example.com
176,First176,Last176,customer176@example.com
177,First177,Last177,customer177@example.com
178,First178,Last178,customer178@example.com
179,First179,Last179,customer179@example.com
180,First180,Last180,customer180@example.com
181,First181,Last181,customer181@example.com
182,First182,Last182,customer182@example.com
183,First183,Last183,customer183@example.com
184,First184,Last184,customer184@example.com
185,First185,Last185,customer185@example.com
186,First186,Last186,customer186@example.com
187,First187,Last187,customer187@example.com
188,First188,Last188,customer188@example.com
189,First189,Last189,customer189@example.com
190,First190,Last190,customer190@example.com
191,First191,Last191,customer191@example.com
192,First192,Last192,customer192@example.com
193,First193,Last193,customer193@example.com
194,First194,Last194,customer194@example.com
195,First195,Last195,customer195@example.com
196,First196,Last196,customer196@example.com
197,First197,Last197,customer197@example.com
198,First198,Last198,customer198@example.com
199,First199,Last199,customer199@example.com
200,First200,Last200,customer200@example.com
201,First201,Last201,customer201@example.com
202,First202,Last202,customer202@example.com
203,First203,Last203,customer203@example.com
204,First204,Last204,customer204@example.com
205,First205,Last205,customer205@example.com
206,First206,Last206,customer206@example.com
207,First207,Last207,customer207@example.com
208,First208,Last208,customer208@example.com
209,First209,Last209,customer209@example.com
210,First210,Last210,customer210@example.com
211,First211,Last211,customer211@example.com
212,First212,Last212,customer212@example.com
213,First213,Last213,customer213@example.com
214,First214,Last214,customer214@example.com
215,First215,Last215,customer215@example.com
216,First216,Last216,customer216@example.com
217,First217,Last217,customer217@example.com
218,First218,Last218,customer218@example.com
219,First219,Last219,customer219@example.com
220,First220,Last220,customer220@example.com
221,First221,Last221,customer221@example.com
222,First222,Last222,customer222@example.com
223,First223,Last223,customer223@example.com
224,First224,Last224,customer224@example.com
225,First225,Last225,customer225@example.com
226,First226,Last226,customer226@example.com
227,First227,Last227,customer227@example.com
228,First228,Last228,customer228@example.com
229,First229,Last229,customer229@example.com
230,First230,Last230,customer230@example.com
231,First231,Last231,customer231@example.com
232,First232,Last232,customer232@example.com
233,First233,Last233,customer233@example.com
234,First234,Last234,customer234@example.com
235,First235,Last235,customer235@example.com
236,First236,Last236,customer236@example.com
237,First237,Last237,customer237@example.com
238,First238,Last238,customer238@example.com
239,First239,Last239,customer239@example.com
240,First240,Last240,customer240@example.com
241,First241,Last241,customer241@example.com
242,First242,Last242,customer242@example.com
243,First243,Last243,customer243@example.com
244,First244,Last244,customer244@example.com
245,First245,Last245,customer245@example.com
246,First246,Last246,customer246@example.com
247,First247,Last247,customer247@example.com
248,First248,Last248,customer248@example.com
249,First249,Last249,customer249@example.com
250,First250,Last250,customer250@example.com
251,First251,Last251,customer251@example.com
252,First252,Last252,customer252@example.com
253,First253,Last253,customer253@example.com
254,First254,Last254,customer254@example.com
255,First255,Last255,customer255@example.com
256,First256,Last256,customer256@example.com
257,First257,Last257,customer257@example.com
258,First258,Last258,customer258@example.com
259,First259,Last259,customer259@example.com
260,First260,Last260,customer260@example.com
261,First261,Last261,customer261@example.com
262,First262,Last262,customer262@example.com
263,First263,Last263,customer263@example.com
264,First264,Last264,customer264@example.com
265,First265,Last265,customer265@example.com
266,First266,Last266,customer266@example.com
267,First267,Last267,customer267@example.com
268,First268,Last268,customer268@example.com
269,First269,Last269,customer269@example.com
270,First270,Last270,customer270@example.com
271,First271,Last271,customer271@example.com
272,First272,Last272,customer272@example.com
273,First273,Last273,customer273@example.com
274,First274,Last274,customer274@example.com
275,First275,Last275,customer275@example.com
276,First276,Last276,customer276@example.com
277,First277,Last277,customer277@example.com
278,First278,Last278,customer278@example.com
279,First279,Last279,customer279@example.com
280,First280,Last280,customer280@example.com
281,First281,Last281,customer281@example.com
282,First282,Last282,customer282@example.com
283,First283,Last283,customer283@example.com
284,First284,Last284,customer284@example.com
285,First285,Last285,customer285@example.com
286,First286,Last286,customer286@example.com
287,First287,Last287,customer287@example.com
288,First288,Last288,customer288@example.com
289,First289,Last289,customer289@example.com
290,First290,Last290,customer290@example.com
291,First291,Last291,customer291@example.com
292,First292,Last292,customer292@example.com
293,First293,Last293,customer293@example.com
294,First294,Last294,customer294@example.com
295,First295,Last295,customer295@example.com
296,First296,Last296,customer296@example.com
297,First297,Last297,customer297@example.com
298,First298,Last298,customer298@example.com
299,First299,Last299,customer299@example.com
300,First300,Last300,customer300@example.com
301,First301,Last301,customer301@example.com
302,First302,Last302,customer302@example.com
303,First303,Last303,customer303@example.com
304,First304,Last304,customer304@example.com
305,First305,Last305,customer305@example.com
306,First306,Last306,customer306@example.com
307,First307,Last307,customer307@example.com
308,First308,Last308,customer308@example.com
309,First309,Last309,customer309@example.com
310,First310,Last310,customer310@example.com
311,First311,Last311,customer311@example.com
312,First312,Last312,customer312@example.com
313,First313,Last313,customer313@example.com
314,First314,Last314,customer314@example.com
315,First315,Last315,customer315@example.com
316,First316,Last316,customer316@example.com
317,First317,Last317,customer317@example.com
318,First318,Last318,customer318@example.com
319,First319,Last319,customer319@example.com
320,First320,Last320,customer320@example.com
321,First321,Last321,customer321@example.com
322,First322,Last322,customer322@example.com
323,First323,Last323,customer323@example.com
324,First324,Last324,customer324@example.com
325,First325,Last325,customer325@example.com
326,First326,Last326,customer326@example.com
327,First327,Last327,customer327@example.com
328,First328,Last328,customer328@example.com
329,First329,Last329,customer329@example.com
330,First330,Last330,customer330@example.com
331,First331,Last331,customer331@example.com
332,First332,Last332,customer332@example.com
333,First333,Last333,customer333@example.com
334,First334,Last334,customer334@example.com
335,First335,Last335,customer335@example.com
336,First336,Last336,customer336@example.com
337,First337,Last337,customer337@example.com
338,First338,Last338,customer338@example.com
339,First339,Last339,customer339@example.com
340,First340,Last340,customer340@example.com
341,First341,Last341,customer341@example.com
342,First342,Last342,customer342@example.com
343,First343,Last343,customer343@example.com
344,First344,Last344,customer344@example.com
345,First345,Last345,customer345@example.com
346,First346,Last346,customer346@example.com
347,First347,Last347,customer347@example.com
348,First348,Last348,customer348@example.com
349,First349,Last349,customer349@example.com
350,First350,Last350,customer350@example.com
351,First351,Last351,customer351@example.com
352,First352,Last352,customer352@example.com
353,First353,Last353,customer353@example.com
354,First354,Last354,customer354@example.com
355,First355,Last355,customer355@example.com
356,First356,Last356,customer356@example.com
357,First357,Last357,customer357@example.com
358,First358,Last358,customer358@example.com
359,First359,Last359,customer359@example.com
360,First360,Last360,customer360@example.com
361,First361,Last361,customer361@example.com
362,First362,Last362,customer362@example.com
363,First363,Last363,customer363@example.com
364,First364,Last364,customer364@example.com
365,First365,Last365,customer365@example.com
366,First366,Last366,customer366@example.com
367,First367,Last367,customer367@example.com
368,First368,Last368,customer368@example.com
369,First369,Last369,customer369@example.com
370,First370,Last370,customer370@example.com
371,First371,Last371,customer371@example.com
372,First372,Last372,customer372@example.com
373,First373,Last373,customer373@example.com
374,First374,Last374,customer374@example.com
375,First375,Last375,customer375@example.com
376,First376,Last376,customer376@example.com
377,First377,Last377,customer377@example.com
378,First378,Last378,customer378@example.com
379,First379,Last379,customer379@example.com
380,First380,Last380,customer380@example.com
381,First381,Last381,customer381@example.com
382,First382,Last382,customer382@example.com
383,First383,Last383,customer383@example.com
384,First384,Last384,customer384@example.com
385,First385,Last385,customer385@example.com
386,First386,Last386,customer386@example.com
387,First387,Last387,customer387@example.com
388,First388,Last388,customer388@example.com
389,First389,Last389,customer389@example.com
390,First390,Last390,customer390@example.com
391,First391,Last391,customer391@example.com
392,First392,Last392,customer392@example.com
393,First393,Last393,customer393@example.com
394,First394,Last394,customer394@example.com
395,First395,Last395,customer395@example.com
396,First396,Last396,customer396@example.com
397,First397,Last397,customer397@example.com
398,First398,Last398,customer398@example.com
399,First399,Last399,customer399@example.com
400,First400,Last400,customer400@example.com
401,First401,Last401,customer401@example.com
402,First402,Last402,customer402@example.com
403,First403,Last403,customer403@example.com
404,First404,Last404,customer404@example.com
405,First405,Last405,customer405@example.com
406,First406,Last406,customer406@example.com
407,First407,Last407,customer407@example.com
408,First408,Last408,customer408@example.com
409,First409,Last409,customer409@example.com
410,First410,Last410,customer410@example.com
411,First411,Last411,customer411@example.com
412,First412,Last412,customer412@example.com
413,First413,Last413,customer413@example.com
414,First414,Last414,customer414@example.com
415,First415,Last415,customer415@example.com
416,First416,Last416,customer416@example.com
417,First417,Last417,customer417@example.com
418,First418,Last418,customer418@example.com
419,First419,Last419,customer419@example.com
420,First420,Last420,customer420@example.com
421,First421,Last421,customer421@example.com
422,First422,Last422,customer422@example.com
423,First423,Last423,customer423@example.com
424,First424,Last424,customer424@example.com
425,First425,Last425,customer425@example.com
426,First426,Last426,customer426@example.com
427,First427,Last427,customer427@example.com
428,First428,Last428,customer428@example.com
429,First429,Last429,customer429@example.com
430,First430,Last430,customer430@example.com
431,First431,Last431,customer431@example.com
432,First432,Last432,customer432@example.com
433,First433,Last433,customer433@example.com
434,First434,Last434,customer434@example.com
435,First435,Last435,customer435@example.com
436,First436,Last436,customer436@example.com
437,First437,Last437,customer437@example.com
438,First438,Last438,customer438@example.com
439,First439,Last439,customer439@example.com
440,First440,Last440,customer440@example.com
441,First441,Last441,customer441@example.com
442,First442,Last442,customer442@example.com
443,First443,Last443,customer443@example.com
444,First444,Last444,customer444@example.com
445,First445,Last445,customer445@example.com
446,First446,Last446,customer446@example.com
447,First447,Last447,customer447@example.com
448,First448,Last448,customer448@example.com
449,First449,Last449,customer449@example.com
450,First450,Last450,customer450@example.com
451,First451,Last451,customer451@example.com
452,First452,Last452,customer452@example.com
453,First453,Last453,customer453@example.com
454,First454,Last454,customer454@example.com
455,First455,Last455,customer455@example.com
456,First456,Last456,customer456@example.com
457,First457,Last457,customer457@example.com
458,First458,Last458,customer458@example.com
459,First459,Last459,customer459@example.com
460,First460,Last460,customer460@example.com
461,First461,Last461,customer461@example.com
462,First462,Last462,customer462@example.com
463,First463,Last463,customer463@example.com
464,First464,Last464,customer464@example.com
465,First465,Last465,customer465@example.com
466,First466,Last466,customer466@example.com
467,First467,Last467,customer467@example.com
468,First468,Last468,customer468@example.com
469,First469,Last469,customer469@example.com
470,First470,Last470,customer470@example.com
471,First471,Last471,customer471@example.com
472,First472,Last472,customer472@example.com
473,First473,Last473,customer473@example.com
474,First474,Last474,customer474@example.com
475,First475,Last475,customer475@example.com
476,First476,Last476,customer476@example.com
477,First477,Last477,customer477@example.com
478,First478,Last478,customer478@example.com
479,First479,Last479,customer479@example.com
480,First480,Last480,customer480@example.com
481,First481,Last481,customer481@example.com
482,First482,Last482,customer482@example.com
483,First483,Last483,customer483@example.com
484,First484,Last484,customer484@example.com
485,First485,Last485,customer485@example.com
486,First486,Last486,customer486@example.com
487,First487,Last487,customer487@example.com
488,First488,Last488,customer488@example.com
489,First489,Last489,customer489@example.com
490,First490,Last490,customer490@example.com
491,First491,Last491,customer491@example.com
492,First492,Last492,customer492@example.com
493,First493,Last493,customer493@example.com
494,First494,Last494,customer494@example.com
495,First495,Last495,customer495@example.com
496,First496,Last496,customer496@example.com
497,First497,Last497,customer497@example.com
498,First498,Last498,customer498@example.com
499,First499,Last499,customer499@example.com
500,First500,Last500,customer500@example.com
501,First501,Last501,customer501@example.com
502,First502,Last502,customer502@example.com
503,First503,Last503,customer503@example.com
504,First504,Last504,customer504@example.com
505,First505,Last505,customer505@example.com
506,First506,Last506,customer506@example.com
507,First507,Last507,customer507@example.com
508,First508,Last508,customer508@example.com
509,First509,Last509,customer509@example.com
510,First510,Last510,customer510@example.com
511,First511,Last511,customer511@example.com
512,First512,Last512,customer512@example.com
513,First513,Last513,customer513@example.com
514,First514,Last514,customer514@example.com
515,First515,Last515,customer515@example.com
516,First516,Last516,customer516@example.com
517,First517,Last517,customer517@example.com
518,First518,Last518,customer518@example.com
519,First519,Last519,customer519@example.com
520,First520,Last520,customer520@example.com
521,First521,Last521,customer521@example.com
522,First522,Last522,customer522@example.com
523,First523,Last523,customer523@example.com
524,First524,Last524,customer524@example.com
525,First525,Last525,customer525@example.com
526,First526,Last526,customer526@example.com
527,First527,Last527,customer527@example.com
528,First528,Last528,customer528@example.com
529,First529,Last529,customer529@example.com
530,First530,Last530,customer530@example.com
531,First531,Last531,customer531@example.com
532,First532,Last532,customer532@example.com
533,First533,Last533,customer533@example.com
534,First534,Last534,customer534@example.com
535,First535,Last535,customer535@example.com
536,First536,Last536,customer536@example.com
537,First537,Last537,customer537@example.com
538,First538,Last538,customer538@example.com
539,First539,Last539,customer539@example.com
540,First540,Last540,customer540@example.com
541,First541,Last541,customer541@example.com
542,First542,Last542,customer542@example.com
543,First543,Last543,customer543@example.com
544,First544,Last544,customer544@example.com
545,First545,Last545,customer545@example.com
546,First546,Last546,customer546@example.com
547,First547,Last547,customer547@example.com
548,First548,Last548,customer548@example.com
549,First549,Last549,customer549@example.com
550,First550,Last550,customer550@example.com
551,First551,Last551,customer551@example.com
552,First552,Last552,customer552@example.com
553,First553,Last553,customer553@example.com
554,First554,Last554,customer554@example.com
555,First555,Last555,customer555@example.com
556,First556,Last556,customer556@example.com
557,First557,Last557,customer557@example.com
558,First558,Last558,customer558@example.com
559,First559,Last559,customer559@example.com
560,First560,Last560,customer560@example.com
561,First561,Last561,customer561@example.com
562,First562,Last562,customer562@example.com
563,First563,Last563,customer563@example.com
564,First564,Last564,customer564@example.com
565,First565,Last565,customer565@example.com
566,First566,Last566,customer566@example.com
567,First567,Last567,customer567@example.com
568,First568,Last568,customer568@example.com
569,First569,Last569,customer569@example.com
570,First570,Last570,customer570@example.com
571,First571,Last571,customer571@example.com
572,First572,Last572,customer572@example.com
573,First573,Last573,customer573@example.com
574,First574,Last574,customer574@example.com
575,First575,Last575,customer575@example.com
576,First576,Last576,customer576@example.com
577,First577,Last577,customer577@example.com
578,First578,Last578,customer578@example.com
579,First579,Last579,customer579@example.com
580,First580,Last580,customer580@example.com
581,First581,Last581,customer581@example.com
582,First582,Last582,customer582@example.com
583,First583,Last583,customer583@example.com
584,First584,Last584,customer584@example.com
585,First585,Last585,customer585@example.com
586,First586,Last586,customer586@example.com
587,First587,Last587,customer587@example.com
588,First588,Last588,customer588@example.com
589,First589,Last589,customer589@example.com
590,First590,Last590,customer590@example.com
591,First591,Last591,customer591@example.com
592,First592,Last592,customer592@example.com
593,First593,Last593,customer593@example.com
594,First594,Last594,customer594@example.com
595,First595,Last595,customer595@example.com
596,First596,Last596,customer596@example.com
597,First597,Last597,customer597@example.com
598,First598,Last598,customer598@example.com
599,First599,Last599,customer599@example.com
600,First600,Last600,customer600@example.com
601,First601,Last601,customer601@example.com
602,First602,Last602,customer602@example.com
603,First603,Last603,customer603@example.com
604,First604,Last604,customer604@example.com
605,First605,Last605,customer605@example.com
606,First606,Last606,customer606@example.com
607,First607,Last607,customer607@example.com
608,First608,Last608,customer608@example.com
609,First609,Last609,customer609@example.com
610,First610,Last610,customer610@example.com
611,First611,Last611,customer611@example.com
612,First612,Last612,customer612@example.com
613,First613,Last613,customer613@example.com
614,First614,Last614,customer614@example.com
615,First615,Last615,customer615@example.com
616,First616,Last616,customer616@example.com
617,First617,Last617,customer617@example.com
618,First618,Last618,customer618@example.com
619,First619,Last619,customer619@example.com
620,First620,Last620,customer620@example.com
621,First621,Last621,customer621@example.com
622,First622,Last622,customer622@example.com
623,First623,Last623,customer623@example.com
624,First624,Last624,customer624@example.com
625,First625,Last625,customer625@example.com
626,First626,Last626,customer626@example.com
627,First627,Last627,customer627@example.com
628,First628,Last628,customer628@example.com
629,First629,Last629,customer629@example.com
630,First630,Last630,customer630@example.com
631,First631,Last631,customer631@example.com
632,First632,Last632,customer632@example.com
633,First633,Last633,customer633@example.com
634,First634,Last634,customer634@example.com
635,First635,Last635,customer635@example.com
636,First636,Last636,customer636@example.com
637,First637,Last637,customer637@example.com
638,First638,Last638,customer638@example.com
639,First639,Last639,customer639@example.com
640,First640,Last640,customer640@example.com
641,First641,Last641,customer641@example.com
642,First642,Last642,customer642@example.com
643,First643,Last643,customer643@example.com
644,First644,Last644,customer644@example.com
645,First645,Last645,customer645@example.com
646,First646,Last646,customer646@example.com
647,First647,Last647,customer647@example.com
648,First648,Last648,customer648@example.com
649,First649,Last649,customer649@example.com
650,First650,Last650,customer650@example.com
651,First651,Last651,customer651@example.com
652,First652,Last652,customer652@example.com
653,First653,Last653,customer653@example.com
654,First654,Last654,customer654@example.com
655,First655,Last655,customer655@example.com
656,First656,Last656,customer656@example.com
657,First657,Last657,customer657@example.com
658,First658,Last658,customer658@example.com
659,First659,Last659,customer659@example.com
660,First660,Last660,customer660@example.com
661,First661,Last661,customer661@example.com
662,First662,Last662,customer662@example.com
663,First663,Last663,customer663@example.com
664,First664,Last664,customer664@example.com
665,First665,Last665,customer665@example.com
666,First666,Last666,customer666@example.com
667,First667,Last667,customer667@example.com
668,First668,Last668,customer668@example.com
669,First669,Last669,customer669@example.com
670,First670,Last670,customer670@example.com
671,First671,Last671,customer671@example.com
672,First672,Last672,customer672@example.com
673,First673,Last673,customer673@example.com
674,First674,Last674,customer674@example.com
675,First675,Last675,customer675@example.com
676,First676,Last676,customer676@example.com
677,First677,Last677,customer677@example.com
678,First678,Last678,customer678@example.com
679,First679,Last679,customer679@example.com
680,First680,Last680,customer680@example.com
681,First681,Last681,customer681@example.com
682,First682,Last682,customer682@example.com
683,First683,Last683,customer683@example.com
684,First684,Last684,customer684@example.com
685,First685,Last685,customer685@example.com
686,First686,Last686,customer686@example.com
687,First687,Last687,customer687@example.com
688,First688,Last688,customer688@example.com
689,First689,Last689,customer689@example.com
690,First690,Last690,customer690@example.com
691,First691,Last691,customer691@example.com
692,First692,Last692,customer692@example.com
693,First693,Last693,customer693@example.com
694,First694,Last694,customer694@example.com
695,First695,Last695,customer695@example.com
696,First696,Last696,customer696@example.com
697,First697,Last697,customer697@example.com
698,First698,Last698,customer698@example.com
699,First699,Last699,customer699@example.com
700,First700,Last700,customer700@example.com
701,First701,Last701,customer701@example.com
702,First702,Last702,customer702@example.com
703,First703,Last703,customer703@example.com
704,First704,Last704,customer704@example.com
705,First705,Last705,customer705@example.com
706,First706,Last706,customer706@example.com
707,First707,Last707,customer707@example.com
708,First708,Last708,customer708@example.com
709,First709,Last709,customer709@example.com
710,First710,Last710,customer710@example.com
711,First711,Last711,customer711@example.com
712,First712,Last712,customer712@example.com
713,First713,Last713,customer713@example.com
714,First714,Last714,customer714@example.com
715,First715,Last715,customer715@example.com
716,First716,Last716,customer716@example.com
717,First717,Last717,customer717@example.com
718,First718,Last718,customer718@example.com
719,First719,Last719,customer719@example.com
720,First720,Last720,customer720@example.com
721,First721,Last721,customer721@example.com
722,First722,Last722,customer722@example.com
723,First723,Last723,customer723@example.com
724,First724,Last724,customer724@example.com
725,First725,Last725,customer725@example.com
726,First726,Last726,customer726@example.com
727,First727,Last727,customer727@example.com
728,First728,Last728,customer728@example.com
729,First729,Last729,customer729@example.com
730,First730,Last730,customer730@example.com
731,First731,Last731,customer731@example.com
732,First732,Last732,customer732@example.com
733,First733,Last733,customer733@example.com
734,First734,Last734,customer734@example.com
735,First735,Last735,customer735@example.com
736,First736,Last736,customer736@example.com
737,First737,Last737,customer737@example.com
738,First738,Last738,customer738@example.com
739,First739,Last739,customer739@example.com
740,First740,Last740,customer740@example.com
741,First741,Last741,customer741@example.com
742,First742,Last742,customer742@example.com
743,First743,Last743,customer743@example.com
744,First744,Last744,customer744@example.com
745,First745,Last745,customer745@example.com
746,First746,Last746,customer746@example.com
747,First747,Last747,customer747@example.com
748,First748,Last748,customer748@example.com
749,First749,Last749,customer749@example.com
750,First750,Last750,customer750@example.com
751,First751,Last751,customer751@example.com
752,First752,Last752,customer752@example.com
753,First753,Last753,customer753@example.com
754,First754,Last754,customer754@example.com
755,First755,Last755,customer755@example.com
756,First756,Last756,customer756@example.com
757,First757,Last757,customer757@example.com
758,First758,Last758,customer758@example.com
759,First759,Last759,customer759@example.com
760,First760,Last760,customer760@example.com
761,First761,Last761,customer761@example.com
762,First762,Last762,customer762@example.com
763,First763,Last763,customer763@example.com
764,First764,Last764,customer764@example.com
765,First765,Last765,customer765@example.com
766,First766,Last766,customer766@example.com
767,First767,Last767,customer767@example.com
768,First768,Last768,customer768@example.com
769,First769,Last769,customer769@example.com
770,First770,Last770,customer770@example.com
771,First771,Last771,customer771@example.com
772,First772,Last772,customer772@example.com
773,First773,Last773,customer773@example.com
774,First774,Last774,customer774@example.com
775,First775,Last775,customer775@example.com
776,First776,Last776,customer776@example.com
777,First777,Last777,customer777@example.com
778,First778,Last778,customer778@example.com
779,First779,Last779,customer779@example.com
780,First780,Last780,customer780@example.com
781,First781,Last781,customer781@example.com
782,First782,Last782,customer782@example.com
783,First783,Last783,customer783@example.com
784,First784,Last784,customer784@example.com
785,First785,Last785,customer785@example.com
786,First786,Last786,customer786@example.com
787,First787,Last787,customer787@example.com
788,First788,Last788,customer788@example.com
789,First789,Last789,customer789@example.com
790,First790,Last790,customer790@example.com
791,First791,Last791,customer791@example.com
792,First792,Last792,customer792@example.com
793,First793,Last793,customer793@example.com
794,First794,Last794,customer794@example.com
795,First795,Last795,customer795@example.com
796,First796,Last796,customer796@example.com
797,First797,Last797,customer797@example.com
798,First798,Last798,customer798@example.com
799,First799,Last799,customer799@example.com
800,First800,Last800,customer800@example.com
801,First801,Last801,customer801@example.com
802,First802,Last802,customer802@example.com
803,First803,Last803,customer803@example.com
804,First804,Last804,customer804@example.com
805,First805,Last805,customer805@example.com
806,First806,Last806,customer806@example.com
807,First807,Last807,customer807@example.com
808,First808,Last808,customer808@example.com
809,First809,Last809,customer809@example.com
810,First810,Last810,customer810@example.com
811,First811,Last811,customer811@example.com
812,First812,Last812,customer812@example.com
813,First813,Last813,customer813@example.com
814,First814,Last814,customer814@example.com
815,First815,Last815,customer815@example.com
816,First816,Last816,customer816@example.com
817,First817,Last817,customer817@example.com
818,First818,Last818,customer818@example.com
819,First819,Last819,customer819@example.com
820,First820,Last820,customer820@example.com
821,First821,Last821,customer821@example.com
822,First822,Last822,customer822@example.com
823,First823,Last823,customer823@example.com
824,First824,Last824,customer824@example.com
825,First825,Last825,customer825@example.com
826,First826,Last826,customer826@example.com
827,First827,Last827,customer827@example.com
828,First828,Last828,customer828@example.com
829,First829,Last829,customer829@example.com
830,First830,Last830,customer830@example.com
831,First831,Last831,customer831@example.com
832,First832,Last832,customer832@example.com
833,First833,Last833,customer833@example.com
834,First834,Last834,customer834@example.com
835,First835,Last835,customer835@example.com
836,First836,Last836,customer836@example.com
837,First837,Last837,customer837@example.com
838,First838,Last838,customer838@example.com
839,First839,Last839,customer839@example.com
840,First840,Last840,customer840@example.com
841,First841,Last841,customer841@example.com
842,First842,Last842,customer842@example.com
843,First843,Last843,customer843@example.com
844,First844,Last844,customer844@example.com
845,First845,Last845,customer845@example.com
846,First846,Last846,customer846@example.com
847,First847,Last847,customer847@example.com
848,First848,Last848,customer848@example.com
849,First849,Last849,customer849@example.com
850,First850,Last850,customer850@example.com
851,First851,Last851,customer851@example.com
852,First852,Last852,customer852@example.com
853,First853,Last853,customer853@example.com
854,First854,Last854,customer854@example.com
855,First855,Last855,customer855@example.com
856,First856,Last856,customer856@example.com
857,First857,Last857,customer857@example.com
858,First858,Last858,customer858@example.com
859,First859,Last859,customer859@example.com
860,First860,Last860,customer860@example.com
861,First861,Last861,customer861@example.com
862,First862,Last862,customer862@example.com
863,First863,Last863,customer863@example.com
864,First864,Last864,customer864@example.com
865,First865,Last865,customer865@example.com
866,First866,Last866,customer866@example.com
867,First867,Last867,customer867@example.com
868,First868,Last868,customer868@example.com
869,First869,Last869,customer869@example.com
870,First870,Last870,customer870@example.com
871,First871,Last871,customer871@example.com
872,First872,Last872,customer872@example.com
873,First873,Last873,customer873@example.com
874,First874,Last874,customer874@example.com
875,First875,Last875,customer875@example.com
876,First876,Last876,customer876@example.com
877,First877,Last877,customer877@example.com
878,First878,Last878,customer878@example.com
879,First879,Last879,customer879@example.com
880,First880,Last880,customer880@example.com
881,First881,Last881,customer881@example.com
882,First882,Last882,customer882@example.com
883,First883,Last883,customer883@example.com
884,First884,Last884,customer884@example.com
885,First885,Last885,customer885@example.com
886,First886,Last886,customer886@example.com
887,First887,Last887,customer887@example.com
888,First888,Last888,customer888@example.com
889,First889,Last889,customer889@example.com
890,First890,Last890,customer890@example.com
891,First891,Last891,customer891@example.com
892,First892,Last892,customer892@example.com
893,First893,Last893,customer893@example.com
894,First894,Last894,customer894@example.com
895,First895,Last895,customer895@example.com
896,First896,Last896,customer896@example.com
897,First897,Last897,customer897@example.com
898,First898,Last898,customer898@example.com
899,First899,Last899,customer899@example.com
900,First900,Last900,customer900@example.com
901,First901,Last901,customer901@example.com
902,First902,Last902,customer902@example.com
903,First903,Last903,customer903@example.com
904,First904,Last904,customer904@example.com
905,First905,Last905,customer905@example.com
906,First906,Last906,customer906@example.com
907,First907,Last907,customer907@example.com
908,First908,Last908,customer908@example.com
909,First909,Last909,customer909@example.com
910,First910,Last910,customer910@example.com
911,First911,Last911,customer911@example.com
912,First912,Last912,customer912@example.com
913,First913,Last913,customer913@example.com
914,First914,Last914,customer914@example.com
915,First915,Last915,customer915@example.com
916,First916,Last916,customer916@example.com
917,First917,Last917,customer917@example.com
918,First918,Last918,customer918@example.com
919,First919,Last919,customer919@example.com
920,First920,Last920,customer920@example.com
921,First921,Last921,customer921@example.com
922,First922,Last922,customer922@example.com
923,First923,Last923,customer923@example.com
924,First924,Last924,customer924@example.com
925,First925,Last925,customer925@example.com
926,First926,Last926,customer926@example.com
927,First927,Last927,customer927@example.com
928,First928,Last928,customer928@example.com
929,First929,Last929,customer929@example.com
930,First930,Last930,customer930@example.com
931,First931,Last931,customer931@example.com
932,First932,Last932,customer932@example.com
933,First933,Last933,customer933@example.com
934,First934,Last934,customer934@example.com
935,First935,Last935,customer935@example.com
936,First936,Last936,customer936@example.com
937,First937,Last937,customer937@example.com
938,First938,Last938,customer938@example.com
939,First939,Last939,customer939@example.com
940,First940,Last940,customer940@example.com
941,First941,Last941,customer941@example.com
942,First942,Last942,customer942@example.com
943,First943,Last943,customer943@example.com
944,First944,Last944,customer944@example.com
945,First945,Last945,customer945@example.com
946,First946,Last946,customer946@example.com
947,First947,Last947,customer947@example.com
948,First948,Last948,customer948@example.com
949,First949,Last949,customer949@example.com
950,First950,Last950,customer950@example.com
951,First951,Last951,customer951@example.com
952,First952,Last952,customer952@example.com
953,First953,Last953,customer953@example.com
954,First954,Last954,customer954@example.com
955,First955,Last955,customer955@example.com
956,First956,Last956,customer956@example.com
957,First957,Last957,customer957@example.com
958,First958,Last958,customer958@example.com
959,First959,Last959,customer959@example.com
960,First960,Last960,customer960@example.com
961,First961,Last961,customer961@example.com
962,First962,Last962,customer962@example.com
963,First963,Last963,customer963@example.com
964,First964,Last964,customer964@example.com
965,First965,Last965,customer965@example.com
966,First966,Last966,customer966@example.com
967,First967,Last967,customer967@example.com
968,First968,Last968,customer968@example.com
969,First969,Last969,customer969@example.com
970,First970,Last970,customer970@example.com
971,First971,Last971,customer971@example.com
972,First972,Last972,customer972@example.com
973,First973,Last973,customer973@example.com
974,First974,Last974,customer974@example.com
975,First975,Last975,customer975@example.com
976,First976,Last976,customer976@example.com
977,First977,Last977,customer977@example.com
978,First978,Last978,customer978@example.com
979,First979,Last979,customer979@example.com
980,First980,Last980,customer980@example.com
981,First981,Last981,customer981@example.com
982,First982,Last982,customer982@example.com
983,First983,Last983,customer983@example.com
984,First984,Last984,customer984@example.com
985,First985,Last985,customer985@example.com
986,First986,Last986,customer986@example.com
987,First987,Last987,customer987@example.com
988,First988,Last988,customer988@example.com
989,First989,Last989,customer989@example.com
990,First990,Last990,customer990@example.com
991,First991,Last991,customer991@example.com
992,First992,Last992,customer992@example.com
993,First993,Last993,customer993@example.com
994,First994,Last994,customer994@example.com
995,First995,Last995,customer995@example.com
996,First996,Last996,customer996@example.com
997,First997,Last997,customer997@example.com
998,First998,Last998,customer998@example.com
999,First999,Last999,customer999@example.com
1000,First1000,Last1000,customer1000@example.com
